ID,Yield
ID_F9XXEXN2ADR2,591.6
ID_SO3VW2X4QO93,415.73
ID_UKUQ7JM8E894,505.12
ID_QUISMWEZR2H4,302.25
ID_25JGI455VKCZ,539.35
ID_KQEAOXF3RPV6,336.34
ID_FSNZCPW9HTD2,1949.36
ID_U2TOPOA0T40S,293.7
ID_XVQLSUKOT04J,1146.35
ID_EAZAU6IW58PK,167.04
ID_WI17R25TC2VU,335.2383333333333
ID_OPR9MJWG40U7,1687.15
ID_P9K9GAHC6FX6,695.37
ID_SCAOUCCTJ75Z,9.84
ID_MUP1OS8GZR5E,2872.5
ID_WVBSZ9VBC9HE,681.35
ID_9MGH1WIKFBNB,402.0933333333333
ID_3M2O3EPOM18C,2009.5
ID_K9MOR4N1FWIB,562.23
ID_VJPUPMSQARO5,1213.33
ID_7WIMK3DXIU3Q,1304.78
ID_6QXVH0EUS60J,1184.5
ID_CA9GH6Q53A1Q,214.44
ID_94KO4EQ6TA3S,248.23
ID_2WH3AXUWRS2A,237.5
ID_LBS8TBC6QEF1,303.25
ID_Y3YARETW8RAP,1302.25
ID_BY9JJAIKBRGP,461.87
ID_0U5AM482W1DE,395.2
ID_G0I28ORJC3OP,452.19
ID_Q34ED4EMSA3R,615.51
ID_LN3LXEG984XM,596.65
ID_0JTIPPYRJND0,765.0
ID_2MRD9I2X8UXB,199.5
ID_KH1FHLUW2T4X,260.94
ID_RFM5MWSIU1JX,330.2383333333333
ID_IAH2UTMDVU8F,243.45
ID_9SNP46T1GSJI,720.23
ID_DSQ9ISYFW4DB,431.44
ID_B8XYLC3NM6XD,6.0
ID_HOG9LK4CTN8K,496.1
ID_L3RTRS1QIY6D,325.37
ID_03QW4RBYQEBK,401.85
ID_ZJSYN3ZHXK5K,843.18
ID_UPRM76SZ7IJJ,663.91
ID_YB866N9RY5TU,525.09
ID_4H0KNHPKF9BK,171.62
ID_TOIT03A3WTTD,379.37
ID_4P7NKCB6LMJ5,10.0
ID_1TIMGZJLRLWF,578.41
ID_25E6065LQDON,682.17
ID_SOB9B3H12POE,888.55
ID_A8RF0GQGJF5H,849.3
ID_GT36LGF8SM8K,541.13
ID_E9OHGDA3U6DG,440.48
ID_HXWHLMRE99CE,1221.22
ID_3VL9DLFRG5A3,273.03
ID_OKPI3DR2ZQPJ,289.72133333333335
ID_XZO6ECCAOC94,900.2
ID_4X2UWYR6RIE2,820.75
ID_1LVAHN6PZYBS,722.75
ID_HRAJFKTPCNWQ,2031.63
ID_TK4H5NRKHOE8,345.6
ID_9U0UBT1J8152,322.61
ID_3EUKVYT37JOP,236.5
ID_1499QWPPW755,524.39
ID_ULWP3J0G860C,388.6725
ID_51FSB3P7RO7F,575.12
ID_FHMVP6OM4GDX,1716.9
ID_2OICAUFVUF5S,224.12
ID_ZGCFHIHAIC5U,423.33
ID_SR592R346POT,1270.03
ID_IW7UUDAW8LI0,380.34
ID_UNWZCF6L3JHJ,438.0
ID_Z4FXX0BNPHCO,3019.25
ID_T18YB26T1R72,420.24
ID_LXZWOINVI194,592.92
ID_QNQJS14C9JJR,1906.13
ID_NTPIQUV3J2G6,828.83
ID_PVQOEEDTISZ0,4.76
ID_PNB65ASGG3U5,309.85
ID_KWPXATBZDX9T,518.25
ID_0G0F9TOR4IMI,1521.57
ID_FVLMABW5Y6X2,903.46
ID_O2PL38IY50T5,1300.51
ID_CNG8Z00FPPMP,760.05
ID_641DSHBH8JAF,1021.0
ID_Y14QXUKOFJ4H,321.2158333333333
ID_DRP3WZV4BNIE,460.14
ID_TMXV7UW39T80,235.45
ID_0L8O49SS6MQM,507.46
ID_UGTG0XQELY2U,430.0
ID_0YZYA9AXL9Z2,306.0
ID_KNOK4V0IWVUO,165.55
ID_YX4DF17Z25RV,378.7
ID_2YAZXP3AEDVO,301.04
ID_YNACZPCVVI09,1840.63
ID_75GYXJW1DYGX,322.0839285714286
ID_YRCMJRFRTU2K,894.7
ID_1L4WBTHTDQMP,520.89
ID_RO0XF0TFLRG6,617.24
ID_NJ7G0SAVDN1Q,300.6
ID_UFPM6MLG1BJK,4.0
ID_ULY51B6WQ9FV,799.6
ID_CR6L4TL2VEEM,235.7
ID_4YRSPS7X1V7Q,387.745
ID_ILQ5YE78E0SD,248.09
ID_WDNXY8YRA10N,411.4233333333333
ID_WYK6LRWQ21ML,306.0
ID_EBA4QUGDXB5I,1181.5
ID_2WCWAKQKRA74,547.26
ID_FTSIEXKUER9Y,336.1
ID_64BCOW7PEP3E,80.8
ID_0N5TFB55JBOB,714.9
ID_9AE1OJ45UFJ3,519.5
ID_NJWAR6L7X4Q6,778.3
ID_W8U6J9PKGGGI,383.0
ID_WJUUIJMPNLHW,371.38
ID_S7F4L5OW7OKD,997.67
ID_Y0OX05BLLQPI,200.0
ID_XJ7ULGKCALNF,580.05
ID_8NU1PZBDI5C7,1225.5
ID_CPPN31R20CBA,695.3133333333333
ID_D20Z6VEJBE6K,4.0
ID_N6RSTF2IR5GL,560.0
ID_DJBLGDPMS85M,4.0
ID_34J19EEKSSHY,872.63
ID_P8MQS1ERUQ9F,237.65
ID_U07HHH2EG6K1,862.5
ID_IKAOSO0CFKYZ,180.2
ID_NHQ2WMFGNBS1,313.9
ID_FRJ3P7XDG7OV,584.43
ID_5N0W8ZFFAIQX,431.93
ID_OFSHZ2KZ1LQ4,4.0
ID_A6C1G6XUATUE,21.2
ID_N99MP1180BJ5,233.82
ID_D5F8SLVPMZKE,163.15
ID_49QTISSSNQ0M,595.67
ID_S1WHDBHNKLYO,333.69833333333327
ID_9YE4VBW3W1WJ,445.03
ID_7SWZRG2B52YI,328.05
ID_41XNQZ8M4QXH,361.17971320346317
ID_SIB0PJZQMRBO,303.6
ID_M47IW492SXOP,158.63
ID_MTUJW5V02DWQ,797.8
ID_Y108HSDX00WC,1094.7
ID_QRD8JCO8QWCF,99.85
ID_RIP1ZN0ST7I3,253.47
ID_BPS356NV28J7,1148.0
ID_0KANA1KYEQKW,115.65
ID_80MMCWDS27VC,1262.9366666666665
ID_CH1WWOXBV7L8,386.3
ID_PM7YZSDTN1OI,639.49
ID_FR4XH94DJW50,544.85
ID_D1IDORABBOBP,510.95
ID_0BE8BMWG3A68,507.38
ID_RY2QD5TLB4US,432.01
ID_S8D99RRNCOMC,1230.1
ID_YZLW773BTIA3,329.8
ID_FL8VHWG97QTI,992.09
ID_JVLT86OR9T15,636.34
ID_NBSTAXAZ24X0,1074.36
ID_43VRMQQ5E60F,319.02
ID_HI4ACMU7M13J,446.0
ID_UI96L3AE8YXY,581.1500000000001
ID_UXRI6OXKF50S,965.54
ID_FW06NS2YA7QW,404.21
ID_RA5OO0JVNOUF,400.0
ID_EVGU94YQTZWM,151.08
ID_GHANLFEJN9UW,151.92333333333332
ID_HXBFX8X2DD7B,855.55
ID_KUNLQSF5FM19,651.35
ID_7XXH76413XNT,617.5
ID_D58TIQKQLU7Q,397.17
ID_W5CLRPVGFRKH,552.57
ID_A3Y0OIB0BE59,400.95
ID_C74NLELOCNTS,2211.64
ID_2FIGN89QV44C,409.22
ID_QN4PJSV2CGSJ,298.0
ID_V5W6AZBTURWA,409.01
ID_L6E0GOTVHSCD,623.4
ID_Q95BUWXK8RM3,140.3604761904762
ID_5TLXCFLTYF1F,418.75
ID_GLBHSYJG9S5B,1475.8
ID_3X3YHRC7IIN9,557.55
ID_5H724YS64665,894.0
ID_U4Z5RN88FCZM,606.6
ID_05TGZGOMI6MF,397.14
ID_0GCZV8RUSZK6,411.4
ID_UV06K1FM1SB5,480.0
ID_RCJZ3PORBWFV,133.3
ID_W1NL5CU9VHQS,420.5
ID_2WIYFQHMJPYD,1147.9
ID_BFFULEU6PVQ9,99.95
ID_JN31K11BXQ0E,343.94
ID_DS40FHVR9R7F,340.79
ID_DNOT9DTVZ6MQ,747.4
ID_Z58PO8MMX8YV,777.7333333333332
ID_NEYMBJKFHN1X,479.1
ID_RND7MNSA6LWV,298.6
ID_U407VXC7F9NZ,324.4
ID_ES753BBA75GB,150.69333333333333
ID_APRL4BTWWRW9,315.15
ID_S909ZPBZ39II,310.94
ID_YYFP9SWEV0U5,1205.72
ID_25EBTESPBHGZ,703.15
ID_W0W8TG7XRWE3,174.85
ID_0FU2BPIOTMVD,728.95
ID_OF817VW3STNX,501.75
ID_7QATIJ9YSL1K,1885.25
ID_LBPW7URC7BBW,503.85
ID_7WYQ81JCM9V3,163.63
ID_JGSVOGVN6522,587.98
ID_TOUB2GY1ZHXT,689.32
ID_9AJCTSUQG7FZ,504.8
ID_VKOZPEUVSDI8,705.1
ID_UG5GQ68S58OW,448.61
ID_4RB8XK2ZB1IR,808.83
ID_Z3P4T6K6P2ED,218.25
ID_VUGTKX63R5P0,393.05
ID_XMF3Q64FMLBK,507.04
ID_DTWCZ9G9C8WD,883.35
ID_0MNYHJUPIOIT,200.0
ID_ZGAL960JTO3R,556.28
ID_PK835TJNER3I,669.9
ID_KVGPYMSHB2WJ,290.18
ID_OWIQYP0I1HGW,1293.2
ID_7RS2XDILJLBL,403.28
ID_EDCLK08NMF0N,400.9
ID_97Y87C3ANP5B,354.16666666666674
ID_D3SKVOTTB4KQ,259.12
ID_APFVFYM11UU0,1815.5
ID_TAIVU9LHBYZ8,490.72
ID_NTR94XDRQIHZ,163.2
ID_8QCOFS2HXOJQ,423.8
ID_7ZZVZZH08UWF,424.32
ID_9NGVV4V11YU2,388.66
ID_5G8RKC18KLXV,1647.09
ID_BSVRMHEKDQKD,434.41
ID_6Z12209FUIAT,738.33
ID_IRBHYP3G7UXU,314.3666666666667
ID_9PH4KNPDDVWS,801.7
ID_S4G0N1TJEDUG,371.49
ID_OP7NSDQGR6AE,15.04
ID_32RIU94UJDHI,1469.0
ID_85WKQYHE0W5H,787.2
ID_2T4I23J42NUP,373.43
ID_LOJZM912S2TH,519.92
ID_FQAR45VD4PQ5,688.25
ID_RA4Y3ZL70BWO,1194.71
ID_UH3QT7I1O24Q,163.45
ID_P9OZQ56CX2YO,505.1
ID_RB24VMV9FIGM,405.83
ID_XECRIM8DR00Z,1208.01
ID_EYIQ79MA3T5E,718.58
ID_B0QBM2S1R9S7,226.17
ID_1L74BG9P0TKX,858.7
ID_141KG0TOOCJ6,714.04
ID_IMKLSNJKVI4P,267.2366666666667
ID_253P6J7D92PW,435.66
ID_PCC17RCZX06S,311.46
ID_7MUPVDZE1ZWB,1167.89
ID_O994OZU1NP7E,623.26
ID_RFVKSMVILY31,495.4
ID_MTR7TTJ5LSBE,117.48
ID_87QM8DS5HSU7,1329.23
ID_8KXPBLV53NZK,564.6
ID_LQVS4LC3YRMB,585.73
ID_ISVACTKT5MAA,391.8
ID_C64B9DUNSCM1,197.5
ID_ZXAE37OWUMFI,406.45
ID_L7Y4MKY66OSL,593.34
ID_TZ1FUOUR0Y8X,1193.0
ID_D7HMR45HU1ZW,443.3
ID_UCZXI2H7S2YD,228.93
ID_7TU75PUQP312,2215.38
ID_4ULCEP364DAF,543.16
ID_8EOY07K5LOC4,338.93
ID_NK47MAUWJ8Z5,166.1
ID_8ZCGIWU6GZLO,286.65
ID_SNIWSZ237UOD,307.77
ID_7LDSCZ2OPT0K,534.0
ID_TK2TH4JSJ1KB,156.97
ID_UUXFZKSR58SC,302.12
ID_EVACECC6XIW9,1672.6
ID_U2LSES0Y4I3C,1435.2
ID_NEGU2TDNC4Y0,117.76
ID_WCBHSOBP51H1,218.84
ID_SVRQ4NGZFMMP,937.2333333333332
ID_5TBBUKHYJ1KI,629.85
ID_4AOR8R30LNOD,440.62
ID_5XOUKBLNO7AC,526.03
ID_IQZTM1J018FS,787.6
ID_Q9VXX3O6IZOD,256.39
ID_HTEQD0S6QIB8,291.2
ID_0GFT8KE7O9RP,779.9333333333333
ID_SHFI8L6O4DQ3,699.22
ID_64MUBP88ECF6,449.14
ID_EHYBYH7QLOSL,199.5
ID_GTGEI6PS93QJ,1301.27
ID_TL9C9OJ8G68U,234.95
ID_SM1GWL52K1F8,388.05
ID_DZW8R8ONEU66,447.44
ID_HBDA4P8811S8,3413.9
ID_CJQOTSL074N8,620.52
ID_KZ0X60V9XQIG,1887.1
ID_0TWFZTV06NYT,558.14
ID_PVJN35A46C0K,495.96
ID_D732BOTXBLSI,381.2
ID_342GB00NU2X8,162.03
ID_AQUL5HCLWJPM,1162.49
ID_VU3938I1G9Z0,792.7
ID_Y2ZY2HDPU6PE,394.3
ID_SJD77GLF5ZFJ,579.24
ID_3T35R9QJBF2M,389.485
ID_NQUTMXXK59YN,562.65
ID_SV7AFMBC72LB,163.34
ID_PAPK30H37SIW,805.4
ID_URRQOVPPCBQ4,200.0
ID_CQPXYYK4KGB7,398.69
ID_RJIJXF4OS4RL,13.36
ID_APUXW8HC4K6B,1269.75
ID_61Q9C9GGPHDI,1295.5
ID_ZWZRMNC7OOCV,252.05
ID_IYKX7HR08L6A,10.0
ID_AIG281L5ZHU8,231.12
ID_NHUOZPKIO0BR,402.59
ID_LLYN4K7KIT4R,455.21
ID_0TSE5OLEV8WK,431.5
ID_H992DU9HM8DQ,319.6525
ID_UK0CBXPBQ5RY,1194.2
ID_RDPY3EBXFJ5O,1341.41
ID_5L97TY473GY5,1380.05
ID_5B1X9MC1IFX0,304.34
ID_ECWVAC40SNWB,5285.3
ID_OE87AT5TAUEI,2338.28
ID_XR12GEBM8H2K,1283.03
ID_LJ2AP4BNL25Y,459.24
ID_LH311ABG9XDL,310.8
ID_HXONOBB4HD6T,1953.55
ID_7AOOKABBB6N8,927.18
ID_Z17C9TLMF1MJ,181.75
ID_3PUBL95YQ1AF,799.2
ID_3RUIBILNO5TH,238.85
ID_9VMYZE08M98X,788.575
ID_6SDJYMNC1T2Z,29.76
ID_61DT371A8JKT,341.84
ID_R51LYLFQUFIL,579.46
ID_MJYLQ159US1Y,947.61
ID_QQHLY17D6RBD,1298.84
ID_Y84JBGTU3NGV,670.57
ID_V8BHOZICY6IF,354.8870437895439
ID_DZ1R5TGC156F,670.25
ID_UQTR8CQ5LH50,1162.9
ID_CK56LDNW1478,783.3
ID_QJGUBXWDDCRS,680.67
ID_H7YHR5OTSNS5,230.02
ID_8FRJCZZGLIRC,713.5
ID_U29DLWFB48GG,318.2
ID_W3OHI7MAVC24,130.26
ID_1ZY88AN5LZD4,421.98
ID_OC5EEB6B892L,797.0
ID_CMWPG2PIB75R,649.86
ID_NWEI411ITDHM,690.25
ID_G49PUGN2HFAD,258.6
ID_GSNP1IEZEQBC,491.0
ID_GJUS6RREHQ81,761.5766666666667
ID_7F8MCGYBVNP9,422.71
ID_0L3CDZHQMEW6,762.8
ID_WWW8P7C0BWWD,314.24
ID_K5SN27S6ODNO,791.3866666666668
ID_UFYYFX1MOUMV,393.63
ID_D0724QR6ZQQF,1638.8
ID_PMSOXFT4FYDW,5074.7
ID_SO7VGCA3U32O,566.45
ID_FRF1EVPIL6HX,779.6
ID_82CBKU1NDJ0V,1236.25
ID_RX8DANVXO123,377.1
ID_ILC9A9DN5G2Z,784.0
ID_2GDKRWUIWI9Y,132.71666666666667
ID_RBQ5VAV4DJ5G,795.97
ID_UOQYVR79LGBI,520.39
ID_K6AD8QUXXR6Y,10.0
ID_J342KZ43X2VJ,618.54
ID_XPEQ4HVRRQX3,2608.35
ID_AJUG34L464MU,584.53
ID_JF3KG0PYDKQF,1900.0
ID_L9Y3DAFA0E72,628.9
ID_E6BGEQJGO571,235.13
ID_SP088I6KHJYU,364.9511255411256
ID_044M7JJ7F7ZH,803.7
ID_FWCKHCWUI2ZA,312.29
ID_RYVNAORY2187,220.82
ID_AKABUF8B09YM,703.6
ID_S2JJQXZHA1AS,439.3
ID_4QOOOG43P1EL,1167.6
ID_X7Y0DSAFDFLN,735.75
ID_HBHBHNCY4HVH,379.4
ID_BD6WGXMV0N9M,410.16
ID_L96Q9Y8ZKZ8E,1249.34
ID_THWRW6UMVR43,329.37
ID_BORVFDCCKT0H,768.75
ID_2L25K22ZLQPZ,383.04
ID_YUL27A9GYMND,162.9
ID_8MKACM85VSCS,2646.75
ID_4060CUEUW7HI,328.9799206349207
ID_Q0SM7VK3YP8B,91.22
ID_KFDMKLKS776M,421.0
ID_JFSU9KK3JSCO,1531.65
ID_YDVQY6M9SDE1,283.55
ID_24UQHTEAU2MZ,411.25
ID_SGZSFYIOBIN2,583.86
ID_JNBPHXXIFBMH,320.86
ID_ZDH7Q9PB2ZFC,394.75
ID_Z8L5CROZXDD9,788.36
ID_BFWA63TCREXQ,319.0
ID_M3DHWRLA56N4,1337.48
ID_7QNMKE9U82HO,1074.31
ID_75A7EFD9RIO4,135.68
ID_ZGRBK42R4LAE,326.67
ID_E69IMEJ5DN9Q,399.56
ID_9GU549TH7ZK3,1017.5
ID_32IOWXYS1DUU,172.6
ID_055AL1ZL5ZQ3,99.8
ID_1D24WF1F56XL,201.74166666666667
ID_C8563RHWH4R1,377.27221153846153
ID_FWYXQF7RP0NA,608.64
ID_RUQF0NVO7GUP,96.65
ID_U51NJXF1ANRX,300.77
ID_52E5N2X6YPZC,395.25
ID_5605KFWD5KLI,550.63
ID_RP1T12JOZ0W5,389.6
ID_1NJF183VW7MV,12.98
ID_YBW0BLUZSB09,492.41
ID_EMWY1EBQA2OW,4.0
ID_PRZUQ2CC6YQL,763.74
ID_DR9MHVZLS2J3,421.07
ID_F9Z4KJ1ATXQX,440.76
ID_1IEQS1MMJVNU,1402.25
ID_Y5OJFJ4ELKBO,3254.2
ID_OYZLWHPXC232,118.5
ID_RIJPB9ZK7QMJ,318.23
ID_5YLAHA1RPCLZ,563.17
ID_7YD43YGQEHAG,159.88
ID_Z2128MPPJH3I,291.33
ID_6E9C80EV7UVB,551.02
ID_V292OF4LJFY6,493.23
ID_GZWEN5J0753A,165.1
ID_DZJI74TH27S2,685.26
ID_VB20G3017OT3,1643.3
ID_PFR5TR9NSJ44,3609.15
ID_CGEMGXF9GKAN,791.9
ID_UQN5YELSPFW4,608.16
ID_9KQ04PBVJQ2Z,489.14
ID_4XS5DB6R0W1W,3198.0
ID_0LIP6T5ZSM47,780.63
ID_EKT3T87PW61E,407.55
ID_8APYWALBVJJG,1532.7
ID_IZNAGRDXI416,530.89
ID_O8JW768V2WBT,815.6
ID_QB1EGGOG4PKU,385.3125
ID_QL474TRJZ4KT,292.0
ID_JS00JMA9OC55,136.19
ID_KX93WT2WM8KI,407.89
ID_88T4KAWBOXD2,908.55
ID_AYEXJ449FHYB,235.18
ID_WAMWUG0WHB97,1160.9
ID_MNSBZZRLVYAB,528.5
ID_NIO4I0V8DWYJ,100.55
ID_NIZWE5DL0ZEP,836.6
ID_9NCKQGLK3SD9,352.12
ID_5OSGLVZW9D29,833.8833333333333
ID_6XPJZR8ZCIC2,321.55
ID_IY0SP642OW24,707.18
ID_RIYH64Y97QRK,501.43
ID_XSP6B48LKWT8,399.2
ID_W753O33BW3BB,422.97
ID_RWJ0XTITY982,1947.4
ID_EUEIBIX6TBO2,381.25
ID_WH5AACW8DNG9,242.08933333333334
ID_NKCHBHQGHFQJ,406.35
ID_55LF7DAPVUM9,389.08
ID_QCVF1IC80H55,314.9
ID_TTYI3X4FHRSK,588.22
ID_FAVZ1A7JE66Y,196.26666666666668
ID_K3QDY7VQTJ4Z,407.79
ID_SXVSUXY5UZAB,184.22
ID_5K5QDTT6M6RR,948.9
ID_LVWYORSZVO3S,238.55
ID_6ECLIA2352NF,166.18
ID_W9B36B5RXLXB,1401.35
ID_FBND5TKBJU4V,273.15
ID_IEG1EPIW3QJE,336.1
ID_XBAKEC3FGVOI,309.61
ID_YX1YSBJPV00F,235.96
ID_CNJ0199EZ0Z5,244.99
ID_9HZRXVLF8O7Q,397.57
ID_N8DOGSGMLEEF,396.74
ID_QTT6DFO6C20M,169.07
ID_84TIYB63GU2Q,149.09
ID_I13964DD6KTD,400.1366666666667
ID_31NJ27Y0VJFL,250.36
ID_SFCM114U57TL,202.95
ID_JO7PGDO0GSL6,612.0
ID_GL342CDVL9P5,399.91
ID_89HGYIT9L72K,513.45
ID_GMN55BKSKYR7,1270.2
ID_IPCZ9G8W2MEV,884.42
ID_YTTWCTKL25FS,758.2
ID_RXK77X7AJU1K,541.81
ID_7DF2UHVO2YDW,706.93
ID_S8ILQIMNR33S,870.4066666666668
ID_9CZKHNKM1I86,479.41
ID_QV0YP4S4M4EW,392.74
ID_6NW6LZZP4YSO,960.15
ID_11VV8EJUCW0H,3086.85
ID_12B9ODTQEDJP,400.0
ID_O9F0DSRI883S,372.89
ID_UGZM1YTX1O1E,442.2
ID_K9QDUU90W0VF,525.36
ID_NSYRKSMPHBU1,834.18
ID_VTPNQBR81BM9,388.96
ID_39OMID9QCOG0,399.95
ID_1PEZ9AQEX5YZ,2876.46
ID_KMV01O5FI1RE,195.3
ID_D8YY9UAL3DUU,1092.85
ID_MK1LEGI0K09C,670.51
ID_SIGZ0JBXQGOV,253.85
ID_TVKRFN7WM03R,237.42
ID_0BEO9O1TBGD7,394.36
ID_0LAUIA0BNIC1,307.63
ID_J3ASN4NEHJWU,495.76
ID_E0C4Y5E20718,813.03
ID_42C9CZBA94GA,242.11033333333333
ID_YR8ZM2POXIMW,235.75
ID_CI5T4HTPFSD5,2375.05
ID_A43CG1H8ISRO,385.35
ID_3CEHUW3S0G0K,861.0033333333331
ID_TXB3AVJR817F,441.8
ID_EARHOHWMJBZN,807.85
ID_3VLU0ZG4HZCJ,356.35
ID_BXY0XWQ3PB64,988.8
ID_QRR9XFG9T842,601.93
ID_EUX6TSC8JHCM,401.48
ID_QFOI09YR3VXI,441.26
ID_YV25FQOXZ8MV,4.0
ID_7FQESEUZAD3Z,322.7
ID_CNWL7DTP3YX4,414.45
ID_T55BT4VODB0E,134.72
ID_RV1AQV8A2YO5,1033.4
ID_4LD71OA2HWJA,440.65
ID_MURY55Z0UGAN,336.75
ID_N2FMG5146H3F,232.5
ID_UTINEMLC3YZ8,397.8911111111111
ID_2YV5CPEX8PQX,1056.47
ID_G04CAJF9PJPJ,410.35
ID_VQQC20SF8PFA,297.84
ID_XLERVZJLB89L,386.19
ID_55VQDPWDVUJN,1196.85
ID_ZQ8CAFATMFQ4,205.9
ID_G0F3TN5NG6BH,225.65
ID_PF85WDFZ5SIC,514.25
ID_LPA096T2PA37,389.07
ID_TOJV71OD5IJA,504.0
ID_OC71Q8G1PU9X,562.22
ID_ALXWTRGLKYET,458.2
ID_L25QRS7Z1I48,585.31
ID_ZJX6UR06AOQN,150.54
ID_J18Z7G8MKNNW,823.0566666666667
ID_A1FRWN0WLOW3,563.0516666666667
ID_1WMN80LOMPYX,651.61
ID_PN8SLC70UAFU,389.0
ID_Y0VLNN9FFCDB,1147.8
ID_KSNG2EHQWVN2,2090.2
ID_6W3UCOWAIKFY,278.95
ID_SAMIPB6FVS35,679.05
ID_5XWLZR0M55MG,648.78
ID_XS38KEFXELD5,435.5
ID_59TDKRUHGJTU,461.1
ID_LA52IZ1MKC63,104.36
ID_HUS8E1K54UTE,664.22
ID_I13GK4NJXW16,1259.55
ID_VNANLNWRQBB6,413.13
ID_S9RY48JU1EY7,600.9
ID_4STCBR16P9VP,968.8
ID_8975M70FEDGV,1352.65
ID_DUBR80BZKU6Y,299.57
ID_MAEEJ3FRNXBQ,316.245
ID_H4AAIXVXUTIW,1563.85
ID_9O8JMRL331Z1,228.51
ID_NGSCERQ2QDX4,367.33
ID_6LCF9GFNTUHP,396.97833333333335
ID_P1FUZAFI9H4Z,749.69
ID_98FVLR8JYSIK,861.6833333333333
ID_21Q3Q5YNLZZX,664.72
ID_PBBKRFRQIL4M,306.65
ID_XUQ4DJPJN922,391.4
ID_XN9SQO2E71Y5,335.69
ID_16EL4RBE07V4,478.7
ID_J9A3XKAY092U,445.04
ID_SI3U6TVMFSLR,1898.38
ID_MZPNEAO40UOF,626.96
ID_JMOP4XUA0I7Z,402.82
ID_3K7O1OS7SC87,763.33
ID_1FKKC1Y469H8,480.0
ID_KLWMKKI8XBMZ,412.5
ID_INV1UN5XSNO4,391.61
ID_FCP0ZRWKWL2B,390.68
ID_L7DSNSBA5RQQ,243.95
ID_SECEK6SG1NI8,2258.55
ID_ZZH6SDGIBPVQ,752.9
ID_NKCBC5AYF2O5,875.1533333333333
ID_HCUH5OSOLYNC,476.29
ID_P2YVKXAWU6J2,705.92
ID_H5DAKY1IT85H,1137.89
ID_FN2NLEWDMB6D,326.7
ID_FQRTZI314E4V,3133.8
ID_605VN4QHNIDI,396.67
ID_J9MMOAJFJ2J9,431.09
ID_2N51RJM7IWTE,451.65
ID_G7LKS3J2NRV9,622.48
ID_B75HPYZV9PLR,801.95
ID_IJFSC215A8T5,239.52
ID_XUJ8JAS1QTG5,87.84
ID_OC29SB0GECK9,393.48
ID_0ZW1XY8NZ5AA,80.6
ID_XUYVTZH1U6V5,667.5833333333333
ID_TUQ7O8VZEO8Q,1247.93
ID_XL5X7DAJMM1B,402.59
ID_6GOHOWR9UQEB,566.75
ID_OSG7JPS4CTQ6,600.55
ID_TYWY3ZJA2J5I,1960.95
ID_E8R8OU0PL6KU,928.65
ID_NVSZ1QLGBUT6,308.6
ID_B6DWB2FSMPKC,348.31
ID_P0UJZBSPVHUE,1377.59
ID_O9LKW41W3CE6,233.43
ID_APVY0ZAA2T96,309.35
ID_DXH0G1YZBCCY,694.64
ID_50FMQ8VLWTYD,1143.3433333333332
ID_MPXG6OFK28RA,1179.7
ID_KO5Q9YHKSLDL,794.2
ID_5RN40WEWP1EL,741.46
ID_C22JIXZIZSL4,283.5
ID_9DQB1KQZBTV8,283.75
ID_CQHWUNCL5PCX,471.03
ID_J5OEXVDCNB0P,794.5
ID_RDH6HLOB2U92,321.73
ID_8TPHQ60JF6EX,437.5
ID_1PB93FWUQFQB,322.74
ID_3N976J1OGQLO,651.38
ID_7KUFT15M92QJ,464.72
ID_PCCPOOUSGB06,174.91
ID_3FRDNPVY5FNP,1373.42
ID_BK9ZR4TDE7NZ,659.22
ID_OUWYLUIH2R51,554.05
ID_L5ZLQMRH6KKF,600.35
ID_Q4UW4DG55OJW,611.45
ID_OYF1ASPZJQNP,520.83
ID_GZUUS62OBWF1,1319.25
ID_KKZDBKDWVPID,346.7
ID_YCYMKBL2CA1K,364.9511255411256
ID_KHTP23X20T5I,396.4
ID_PVCGOZWIYCRW,4374.2
ID_32NAED58MFBN,750.91
ID_N20MRZDYH6K2,855.48
ID_DBTQY3BIX7K1,328.1083333333333
ID_VXHEQJCSAEGO,364.5491378066379
ID_1UBFDMDD35E0,437.62
ID_UTQLHUO15C6P,1326.32
ID_KUQSQP4UEPNX,2862.85
ID_NG1BV8SLDLT6,270.86
ID_3WE5BFF4QQ07,435.46
ID_OJCKZSAW11FT,878.1
ID_01FMRJ8CZ1B9,287.885
ID_UFCY75JEV9LT,346.5666666666667
ID_2EZWQR6H2KMD,819.9666666666666
ID_VDBLFDMIL8NG,859.4
ID_AT56XBOIGQNE,1147.0
ID_AXZDBVR3IUR6,305.78
ID_2TXCT78Y3PKC,320.22
ID_VR4Q2KY91Y7I,2112.67
ID_EQO0B00UOJ18,367.6
ID_80IN0NOG3IGG,320.65
ID_52G244TD18XX,569.36
ID_VU2RGX6FV7SG,540.1
ID_L5TFK1K76NVV,318.5
ID_9CP641SBWCAY,99.2
ID_GCL2HBCVD3GT,528.69
ID_9TSTSM29ITZV,1441.7
ID_L9B0F5XY5C0Q,839.7
ID_CB1C6HBQXD06,479.37
ID_HKJ98YOILTWN,1502.95
ID_5TPFAMIJT35T,755.55
ID_17C2BIFXGXAB,405.93
ID_ZY0FDD05Q344,202.95
ID_XXKL2UKB6T7P,1250.2
ID_RMQ5T81PW81J,518.3
ID_I1KFYFIUMBBQ,493.23
ID_1C1WGJ4TLP0X,249.95
ID_E5OL8AHYNIRQ,510.09
ID_XKJ6NPCU23KQ,406.75
ID_H2LK19RTKLBN,341.99
ID_8SXD7K2XR4Y2,360.33
ID_R6PS7QO3TIP3,733.08
ID_7Z26WTZTG1EE,239.35
ID_NVW1KES21JE6,618.94
ID_KZQ5Q7QITN1J,520.8
ID_0GK554F5HSPQ,2635.9
ID_CA5E6O3YBPYR,271.64
ID_NTRTGR2IP7JQ,602.8
ID_062VNY633NVW,624.65
ID_465NN80WHNMI,344.23
ID_T52DNN3DYVA2,335.08
ID_CM0W1BO8Z7YV,496.76
ID_YV087R41HIW6,3330.4
ID_VT6TAOGORN0T,920.16
ID_030L0XB0GEPB,256.31
ID_YECW50OR7NEH,263.94
ID_5W7NWNYH7DA2,270.07
ID_I2AKJ4TGA3JS,390.51
ID_LMSXY4W2OCHC,439.53
ID_W1EWJ1KHVFWL,845.33
ID_3ABZTY079K5J,1887.85
ID_4PEE9P8ISN4T,1116.65
ID_DZD2PTXBQ36C,126.45
ID_VRDCKGL60J4S,1578.0
ID_W300Q133BITD,168.1
ID_BGPCJWWGLRAD,1432.55
ID_2VD5AHGUA8FZ,232.52
ID_N2YHCFW8BCW1,288.578
ID_KD26RV3Q4Z8G,380.11
ID_B4L9RE7NMY7S,804.88
ID_BN9X6GP81HB7,11.12
ID_Y6GNK64VJEAR,400.46
ID_PE586K2WC823,98.2
ID_WL15S18OVHW9,1317.1
ID_5R6L97XFBM4P,609.18
ID_55YCU1CHAZYU,1332.27
ID_WNGH3FP6KNWH,3976.1
ID_9JR09YWTJIPX,721.53
ID_870NP4IDB2WF,372.58
ID_X6ZCELIES4N3,728.53
ID_S0Z4WELW3RKE,744.9
ID_I1M86V2XW3NU,622.7
ID_PR25E8LGMX5C,400.81
ID_5RGXU5KZER2O,2112.5
ID_N3OWXZ0A4PQ2,614.86
ID_BUYPSV8J9VX4,1247.83
ID_ZLJBGWFNKT3F,400.0
ID_E3U792EGWSOZ,103.85
ID_KQE4T2DIGF73,315.0433333333333
ID_FIOW6R8A6TD9,2125.55
ID_6NHV395NXUMO,782.5
ID_DLLQTLGA5BZ7,165.95
ID_12090DS3ONFO,302.8
ID_84WRYZXSNB5W,317.0
ID_5IHINMMQ33HN,782.2
ID_Q3TSBO3V5MV0,686.67
ID_ADC7FBDIRB67,348.52
ID_YFVLB2MLINSA,859.72
ID_0M2B2IU08JHG,487.27
ID_V9K16K3JJ64W,119.48
ID_T0APDRNZ2PUP,982.44
ID_UD6Y4DW52N30,357.36000000000007
ID_CPN4N1LLQUYZ,218.32
ID_NBZ50NSHWKX4,2027.04
ID_JOBTZIGNUJYW,119.0
ID_QIXJYAUTNLGR,566.92
ID_AX9K1UFBM90G,140.75
ID_FDDURNIJQYRF,586.2
ID_LVNQ4RR7Z5M9,632.0
ID_UYQMXTUWGEX3,382.47
ID_GXYT79NRDUCC,323.08
ID_9GC9RL0156TI,473.4
ID_65R1QHRZPXV4,197.0
ID_61D172EINVHM,321.0
ID_YTRIQ7CPL06G,201.5
ID_SWBH0D832EJH,501.18
ID_JI6G3OYFQJKY,450.84
ID_D2P1PLCDCW6C,862.3214285714286
ID_4HZATY2UQP7J,708.45
ID_I13HAXROQ8ZI,366.3
ID_EBWZ4DITBMRT,865.75
ID_46V1XAD0HNM4,212.68
ID_7F0Y5BH75MA1,200.0
ID_8KDNAENIPD6O,238.14
ID_31557CM50TT0,94.95
ID_1H73ZV2DGAJS,660.54
ID_MQBQ7Y3DAME9,614.78
ID_FABZ5F40A430,881.65
ID_ARH65MSJKMXQ,304.25
ID_NZAYF5EC84XF,1223.8
ID_8KTFQU943U8U,618.01
ID_HOOPMK98RDVW,536.27
ID_6NKRHFXDAL2W,167.58333333333331
ID_3Y0E2QZSY8BE,339.97255952380954
ID_7RBTQWOKF593,237.07
ID_G32EHA5H8KCH,104.4
ID_FP8GAONCAYON,231.15
ID_Q1YRG5JLSL51,673.91
ID_LUEHBMKN3WSS,343.2920131257631
ID_8CR2PDGM6RTS,786.7
ID_UISG39MBLWG7,421.16
ID_ZFX52PINM9TI,236.89
ID_AV8EYUEUUBVA,197.75
ID_LDK0UP6ZOTQS,881.4
ID_Y71AZZAYF00N,340.15
ID_IAA19P3EN9DF,315.35
ID_M8ZJ8397H56M,900.72
ID_2LVL6QWBY48W,884.95
ID_66A871THV43V,602.4
ID_K9CFTOS3JA2N,320.01
ID_SN7U1P14V2N3,430.99
ID_68RW49FF7NF2,412.96
ID_1BYE6Z8W58NR,383.16
ID_DGIYN4VXFWW3,308.18
ID_I13X0T9TWG4N,875.83
ID_7HE2NP9ZDI7E,488.58
ID_PKX1BWJLKKF1,420.35
ID_FGCBRPH417HI,196.19
ID_XZHCQ2UL7EQB,691.77
ID_3F60G7BTKL3E,367.98
ID_X8UKDAZNQLE5,156.12
ID_WF21DZJQ0MEZ,438.3
ID_2JORBK01S76Z,282.65
ID_N40FQ79VCRBZ,226.59
ID_GTLFKV861ATM,427.45
ID_27Y0YW3K0RMP,421.45
ID_WV5M56G6J46P,332.8733333333333
ID_2A6AX6F5M2R3,234.99
ID_O1WA343Z0Y3Q,418.45
ID_5RO8TLZHVZ4U,279.3986666666667
ID_WNL0HEE8FNAX,792.2333333333332
ID_KRAHFXWUE34U,593.44
ID_B0BZ87T7Z4G1,477.6
ID_EF8RZ2A57MOF,321.97833333333335
ID_CKZAYHVYDNOH,315.7275
ID_24T2915PUUBL,453.35
ID_9N44D14F4Z9S,1399.85
ID_4QI2PK16L4W8,326.0
ID_5GSE1ZV2KZ36,406.38
ID_30MYYJ3CGU71,207.1
ID_R0ZZ2K2C4IFQ,264.92833333333334
ID_SRSO7ZIVRHMS,480.0
ID_ADMXQ913LY99,356.09
ID_PS7YQR14G3Y3,717.97
ID_MZEO9V8999MJ,1888.13
ID_LUGALDGQDU2C,324.25
ID_6E0LFWNRDDBC,486.83
ID_BH392O5O9YIJ,318.1483333333333
ID_VP4R17PGR7PT,1183.9
ID_Z584MTBFZM57,183.5
ID_FMP63TJMIYD2,244.86
ID_0VVXHZNBFV7K,570.6
ID_R3G02LS8GNA9,470.55
ID_Y3HXNR6C9VPN,449.35
ID_P2EI5WTDARVB,491.43
ID_J81U1U9GRXMM,315.6
ID_RUJ2JWO1H36Q,1740.035
ID_D7KZIKGDA5TC,414.0371428571429
ID_IXZVPO7I6GFT,629.35
ID_DYEIPGE8LAWB,2003.0
ID_YFXPGWLIF1JG,612.34
ID_M06RJHKBWY49,427.45
ID_9AQXDJAJZEKV,516.58
ID_W8K9BX9LC95X,954.5
ID_QI5ZUDAWIO6B,516.1
ID_UAUMCZMYYG50,789.6
ID_MB0FWEMQZIS3,468.14
ID_I3VLDTUXI8OU,642.6
ID_FL43EATDHM0N,413.83
ID_F8IKOUJWBLAS,409.16
ID_MY6O19NPIVK6,1387.5
ID_XIRL5AT0PRFF,442.8
ID_V770RBDE6Q4Y,605.17
ID_0PZHH6TLV3CA,275.99
ID_VWY9TZXSBA2I,1405.45
ID_0IMHIJVZNH4F,402.25
ID_J9R0XLLUEYV5,617.13
ID_SXO3TLUQS06B,420.0
ID_IIFWSOZJ87T8,270.26
ID_003IQ6P16IU6,632.47
ID_8A4XDDFF9KES,650.98
ID_ZADQ4EOPXZ5X,684.56
ID_T3BJIT95VAK6,1228.9
ID_9JBVPAY5SWE5,235.76
ID_H69MYTOAOWGW,2774.95
ID_KX131MVNIQYK,156.6
ID_9TBIA2TY51SN,329.53
ID_LSJ9Z973V7HY,322.85366666666664
ID_1V7154B52Q1R,764.3999999999999
ID_61T1B66LGY96,953.31
ID_6OMUQ7RGG9PB,227.59
ID_UOP0YIGOD0C9,804.62
ID_FUEPC3I8AGM6,254.04
ID_9DZ2XHHCILE0,349.12
ID_K31RQKN5YZGQ,140.38
ID_5ONQKXWCPAYW,320.08
ID_WTFWWIHRP8QJ,124.45
ID_1DB4QAC6FY9E,157.51333333333335
ID_JTN33DQWNP8S,323.54
ID_URGC9CNXA7X5,426.2
ID_TLCVMIUVHIDA,706.37
ID_TUK3UTUY685M,306.04
ID_C3CXY15NEROI,663.46
ID_HLKXLS0FWIO3,332.7925
ID_3KYOCLW494ZU,668.32
ID_ANAMG2154VTI,1180.77
ID_RZYTYJZGW8V1,442.77
ID_U0TE2JB46YOT,3804.2
ID_033YEZI2YTMN,335.34666666666664
ID_M5MUL0OYJ521,300.59
ID_GLNNBNCO2ZJT,319.14
ID_5D0G39C74311,118.9
ID_76NPV6TK8935,559.17
ID_ZBDU7B15DZ06,755.45
ID_7ZY916L3IR3J,548.2
ID_NT49YSFTD1RL,199.95
ID_JO5LMUSPDOE5,506.34
ID_20WSYTHON01Q,162.5
ID_29VL60799V4G,570.31
ID_LWOVH2BGMAXM,785.35
ID_U40UK9R0U769,713.6966666666666
ID_GLMWDVQ0ZBSS,493.38
ID_H9WPOE6GENMJ,399.82
ID_D777FHIP8F1R,808.4
ID_UE7JO485SVK6,102.9
ID_KMUR984JCI6C,240.1434285714286
ID_5UB63IBXG3O1,411.84
ID_IP1S04YTUGT1,1188.5
ID_UJAKLBHMJ3YD,712.62
ID_W4V2VRY6V3ZG,319.9
ID_UPWIMZ9NKMFX,651.65
ID_TVYVXPBGSFUC,236.83
ID_8WEKEFRVWLHJ,551.48
ID_9RLCRH7Q0PXK,348.53
ID_02G01CVY8X2H,306.69
ID_KE5BLNSCOGKB,925.13
ID_9JNMULI0HP0P,1179.3733333333334
ID_B8OSQ43TMBSR,561.26
ID_PZWWJKYN923K,798.0
ID_834BS53CZ6LC,439.6
ID_5BMWFG250JV4,560.81
ID_LM22RNI83BJM,594.1
ID_JQS59EY819HO,237.955
ID_E43X5ED6NLU1,431.87
ID_8UZSHKU5UT2V,899.1380952380953
ID_DJ50AHYEIPZ0,837.85
ID_R4NIIOESVN7T,1191.0
ID_YKL207W57L0U,292.43
ID_12P6RU298F9N,348.45
ID_IZ6WTP5Z17WN,924.23
ID_NZMFMBIC4FNF,247.3
ID_JLTDB0VTB0E7,252.84
ID_17SQTC2HLKAE,411.56
ID_I1X7CIDBKXZQ,303.845
ID_PSSACU4V0O6O,657.78
ID_V4HUIJ6F76SW,916.29
ID_8COHYHKML3JP,1147.0
ID_JN4AX2B2C50G,99.4
ID_TMJ0OO9Q2WOJ,1867.1
ID_C95LNL1M8H2N,713.61
ID_RVPLXJ5UWB6O,272.75
ID_TV9CCKV6IGN5,1551.4
ID_K19V3I8YE12K,331.71
ID_KGXUKFH4Y7YO,573.53
ID_WJSH3NU9GIQB,4.0
ID_EQZ7H1WA78OS,221.72
ID_1MKAKRVW5T92,168.88333333333333
ID_PZFWOHDEYNGN,3337.4
ID_725LTZ95U1E1,789.1
ID_THK0MEQMKDUT,1614.79
ID_RTQ01NMMKXYA,559.8
ID_8B19FL2AJ194,184.14
ID_D6RNJ17OIWWY,658.7
ID_HUGK2Y59U7KJ,720.95
ID_KWIMK8AMZF5A,744.28
ID_UURMSVZDKKSF,769.2
ID_2R9G9PQSADOM,301.0
ID_BI9UDH99U450,231.98
ID_7ODW5MXTDNCG,750.16
ID_HWJ9WKS3IB5J,394.25
ID_JGO7PWMYOMUB,590.31
ID_MCQSOIZ5BXGC,153.44
ID_J0X3K8DOSPYN,480.0
ID_VGQJ4WYJJBAT,414.08
ID_FHRVJDWVEWZK,602.39
ID_YFDZZ7FAT8H7,696.64
ID_ZW6ZATUAC5CC,483.1
ID_W0BWKL5E7PYH,966.4
ID_9DJGFL3PX533,491.6
ID_NYXDVDMQO20V,701.6
ID_J9R96PPZPO32,1090.49
ID_03SHDKQD95XF,189.89
ID_9UYFG0NC9QTM,674.27
ID_PR26C0RSQ89H,695.14
ID_KOOC7HGDZA0H,758.2
ID_218WMH65G8WU,660.34
ID_PRAU2EMQM87U,412.04
ID_D6ZOJRHT0A7H,428.61
ID_CITJ0RJ9ZAOC,763.7
ID_TP5RXW7QXP2O,2504.5
ID_AZNDXJTYSGDF,290.0
ID_78WJNL0RRA6U,725.41
ID_TM6VWF7REIS6,1516.65
ID_X3TVNO4XNHN5,792.5
ID_3TDSR1D7HQ8T,654.9316666666666
ID_82ZSQZQGLY1Y,428.4
ID_8OKP01595X94,265.92
ID_2OKINRRT0XL1,2210.0
ID_DA98EJU0NT76,627.57
ID_V17R17KYCDG3,585.4916666666667
ID_OM42UEJQR618,246.9
ID_646D2KBLNLC2,221.35583333333335
ID_9RU7QWS0WIDP,801.6
ID_PFFCHUW5O67L,560.7
ID_ZSV9TC0UW5CK,428.5
ID_MSYLCULH22KD,575.5
ID_6ZA9ROTCTCTY,441.6
ID_L0J7MCL12NR4,332.55
ID_SCDUXWEDL6C6,756.7
ID_7QHVYN5YJYAP,160.08
ID_AUT5E4W1IF34,1396.0
ID_7JO0TQWT9W8K,397.72
ID_3UUBOUNG1CH8,233.2
ID_4Z5JFK9VF762,261.75
ID_3Z9LB1PGHP96,754.4
ID_D0X7IDGN74GR,418.5
ID_BBY6G4GET31C,1720.1
ID_PT5LBK4XRS89,520.76
ID_Z6A67N4N3KEJ,8.63
ID_Y6D7U7R1ULMA,319.5675
ID_WQOUU960NDO4,101.73
ID_XC7PSRE6WWFP,291.0
ID_VF7NABSVT35U,604.0333333333334
ID_25MZL6HIS26M,1033.1
ID_D86BC6U7FA2J,677.45
ID_F4KMTFROJWL2,407.81
ID_QK4YHF5UETBQ,302.85
ID_XPAHSEI49TYN,1162.42
ID_69F6K475WX7V,207.73
ID_9WS9F7Z1CE3M,310.95
ID_XJC8VVXC9TBX,505.8
ID_CD5QDTLLZUPT,224.02
ID_O80J4RH6LVDS,1028.5
ID_KWSKN3HTLPK2,156.14
ID_5SKHT6NDFHJR,130.26
ID_KPQYKBZGK6Q4,395.15
ID_866ACQHJ1632,287.31
ID_WX844ME5IT0M,110.42
ID_AWNJ1KEP1QK1,1189.38
ID_16ZJ7XNWB9ES,876.98
ID_2NKYXQYFQQRX,352.0909523809524
ID_DDQYDSPF4BXY,597.42
ID_1KBQ8Z8QZOL3,458.59
ID_GJO67I9XF6AK,522.72
ID_PCOF5INSVXM2,404.85
ID_W5GMROHJ01RZ,202.95
ID_WD6GCHMOFFZK,314.86333333333334
ID_GF3NQ1FP4MXO,1232.6
ID_FBQI3IPLIAAZ,296.4
ID_BKRCXGDJI2ZU,418.62
ID_WC5O6CA49JCT,302.35
ID_TC771F4NXFD3,732.7
ID_HQAI0KUSI7FX,1012.75
ID_E22MKA5X1C38,383.3214484126984
ID_P4TXP8UNLQ5F,4.0
ID_7VFK2TR4EHCU,491.88
ID_XIMWJDO2J9S2,99.15
ID_1SFZQ86IVMCZ,881.7199999999998
ID_XNSVNT862EIR,1456.45
ID_KEULJBL0QMMA,397.0
ID_GEAJ29CHENIM,594.31
ID_XDHNQQ1BMP4K,364.4
ID_ZG8Y74HTDSKI,89.4
ID_VUYOGM0KIABM,1376.02
ID_U4XH4UTLQ5EO,297.08
ID_M1TT1PZJYQX3,444.65
ID_DO1SCI0NAS39,601.21
ID_PP2CV6NRSO3K,234.87
ID_6F4A688829M0,1228.4
ID_67C7XJW5Z9AP,404.34
ID_G9GXUSA0IV0D,269.73
ID_0G0WQUKBXG47,409.76
ID_6EWF22XJX21H,1175.62
ID_UIL7S6F6IKE8,419.81
ID_O55OOUDQOKBE,1931.8
ID_OKZW0FT04KAU,6.0
ID_5QCE458KP8MH,435.2
ID_K1MX59GNDLA3,971.5
ID_XEAANBI4M6MP,879.65
ID_7K7V374NL5QU,219.37
ID_Q73O4J7PYNLD,1128.75
ID_8X79S7L9FWUS,409.64
ID_M97TRZBEVI0V,262.87
ID_U9TU5QRVSIKV,512.75
ID_PQPZ0AVV5HTH,841.3
ID_1L6LU32N1HFC,163.07
ID_UBZ21YSSVE0A,663.24
ID_TFXFZIX00RA7,1317.51
ID_32CMCT5XS364,369.3
ID_E95XC4DYH26Y,4.0
ID_S8ENYM45UWSC,2095.85
ID_PU514SH6TUVR,176.95
ID_RVEWUGCXQCNS,435.76
ID_BG6I25RU4JV3,1087.71
ID_RNDBVA4NU0LW,403.43916666666667
ID_H1GVVG7EF7WE,396.83
ID_4VG5G0IN38WK,117.4
ID_LI1DHO8DO7WH,216.12
ID_K9IUCGCTABHD,528.7
ID_COWCI2PI2LF9,100.4
ID_0QE8PUWQKHFZ,652.44
ID_MT3EUT7AX265,379.25
ID_T69R1A784TNY,1359.0
ID_N4FRZ8SPSN61,297.43
ID_DFIMHTLXA82W,796.5
ID_BI4VNVU7JAXF,1699.25
ID_6C9EUI1CKTQY,1264.2
ID_V7R0PZU27LD7,404.27
ID_NXHSZUCHTMO8,1019.7
ID_PSSPKF9A2USI,743.1
ID_M9XZ0NNGCXJE,320.5225
ID_3BJCEQIRMQTP,498.99
ID_EWS2TOD7IJZI,1209.26
ID_4N61JMVTUKQ5,229.77
ID_B5NBU4COPYXW,416.98
ID_ZS7CIFJ5G37Q,1786.49
ID_X4E6NMBKJLQT,86.83
ID_1OH68E5CL3NC,855.2233333333332
ID_DNSUBE5MRZR8,1207.01
ID_GHVXO83MCL6I,807.5
ID_CQ0FBB1L5EY3,408.92
ID_9PEPYSUTV8XP,650.32
ID_CH40371WNU45,318.42
ID_KREBTUJY9PUQ,406.05
ID_AH2DHFW5Y7VZ,595.35
ID_O2YSLD8B37UI,419.45
ID_CGJLQRDMQGPI,443.34
ID_ZIH4810LD2X4,394.5
ID_1GUQ67PJHO6G,199.95
ID_YO7NKY9DFON2,1398.6
ID_H8DG3XXT4R3S,400.95
ID_FD43UJOLYMFB,325.76
ID_BQ8JTW0GEMB4,535.2
ID_RA7TSCPF1HBL,496.1
ID_HMSUJ88077KV,283.85
ID_2K6CE567GZ7D,412.11
ID_J0UYQQWYJDJ3,722.95
ID_42YO171TPVHZ,813.05
ID_KMFDQQYDBS4X,517.15
ID_EKKF7GLOX3SD,318.27
ID_NA6TYX9PY21I,534.8966666666666
ID_PA459A9AES6D,1815.28
ID_ZHJ35MUIKDGT,573.54
ID_2KS148FT28VY,909.4
ID_ZP3Y1EOLD1XT,362.6
ID_M202WZ18JHLM,602.51
ID_O3CUG423MY9H,3159.45
ID_JK4O5BTLDHTX,493.65
ID_69E0GNTDT1LF,3093.0
ID_RN3RLK50ETXN,475.0
ID_PJ3QBFDFCBUV,241.0
ID_WRU2ZQEZZA2A,1374.8
ID_261VC80CL904,304.42
ID_3PR5200O44QG,1377.88
ID_V315713I7M9M,506.01
ID_WCBVJ74XU15K,514.1
ID_ZXT4WUZLCMVH,401.29
ID_GDU9BX84VUVE,2062.1
ID_5JB3YMBM4T6O,310.8
ID_KBAPVR46VC22,823.55
ID_4IXICKTIPPLU,991.21
ID_AM94QK241VPE,2741.1
ID_W12HOWGGSMS8,157.19
ID_Q1G32KADTS51,277.9
ID_V3JIA4P4668B,812.1
ID_Y86K83ZPC3T4,396.55
ID_K6M588093ONJ,449.14
ID_8QKXNKEAI8U8,84.4
ID_X7PUGW9NI1FI,300.88
ID_VTIQSDY0X1FD,410.55
ID_4VC1K7FA4J17,276.82
ID_3GCDF7RV12BF,881.44
ID_PSLVQKNWEZ0N,410.82
ID_IGCX54TFOFX9,328.76
ID_1SZ0EPKMQJ3L,379.12
ID_RRLAI5EB891O,1506.1
ID_ATRY9VIAPNBP,391.04
ID_5LIP4CV5CHJ0,477.7
ID_ONHO680NIUHR,498.4
ID_VTRB9ZYY4VI0,608.4
ID_JAE3UP8KOYFO,331.9
ID_I02Z7U56HMOO,656.8
ID_RFXD3G5UO06W,1424.0
ID_1SQXKIK51IGW,227.37
ID_T5UXJ5RC7PUZ,715.17
ID_JM7G4MGZXPA4,491.54
ID_6FF2BX4HPOG7,324.8
ID_8UTWWHXEL9R5,888.55
ID_3YJH7Z2OWJED,577.69
ID_4BVYTNKO9YLK,1294.25
ID_KNDRB17VJJHN,178.0
ID_PL3IRYM11FGQ,979.64
ID_33QXHWS7FFUE,857.49
ID_2J04B9UGSZMQ,807.98
ID_ZJV6QMH0E1S2,769.7
ID_3SY7ARGY3QVX,2371.15
ID_KIAVLFCA0QAB,163.31
ID_Q4EJVPZEZXGI,501.2
ID_65605390LAS9,951.85
ID_Y104K9OC8UGE,684.61
ID_3K6WOEPF2FP8,756.9
ID_LS72BPM71SR7,444.48
ID_Y7TIOX2MBVN1,239.9925
ID_JM80BY34TODO,390.89333333333326
ID_2WAZFPTIJ1OA,329.8590223665224
ID_T9YY5C8C1CBO,403.43
ID_UPRSY14003PO,314.68
ID_7XOLQOXF8MQB,352.15
ID_I32E35Q5PL6J,2491.94
ID_22FO3O040DBN,549.4
ID_2UXKSAJOCCUC,407.13
ID_5GUT0JCPY47C,337.89
ID_LID7SSDMXCW6,112.4
ID_WCWCOJH95NFM,237.22
ID_4DWQ8EGOZF76,425.73
ID_SJE53PFBNDY4,528.57
ID_MUP7H5EUQUYW,774.0
ID_2G8S8FICGX1F,744.01
ID_T6X2E4LGICKT,228.3
ID_2NBITHH2CMR2,401.2
ID_IXO2IO18FTPN,766.9
ID_35RBHZZG2K9S,481.88
ID_5X3KT9OXDOCL,1009.22
ID_EXX5T31QH9U4,543.98
ID_LSZRIL56T47Z,760.2
ID_5ALLBTPE63BZ,549.41
ID_ZRT3VO9XJTOJ,404.45
ID_IVZNV00VK1WF,117.3
ID_STJDVR9FV5ZK,834.6133333333332
ID_MUL2I0PV3WXF,576.76
ID_350HG62PKSV9,229.81
ID_CFU1OS0WRIF1,431.49
ID_E2X9RKRER7VN,414.35
ID_FAXPVHA3GBDX,897.15
ID_U20QSSM0WQCL,368.0
ID_8STN6IQK6GRH,8.63
ID_RRV0JV74KLEG,603.0
ID_SV90TJDKZDBO,1944.4
ID_VG3DNKAC70DB,368.11
ID_N6VEVLWM0JUZ,740.9
ID_R6EAOP7SKH4P,1027.17
ID_WY1E27L1SF3F,663.1
ID_S6Y3EIMQPINY,397.0
ID_C6FGW58XYOOC,99.8
ID_66ZQIE06VO23,622.2666666666668
ID_OQGZLQDASMAM,153.9
ID_O0VXS8F7E71M,239.95559523809527
ID_RYWO2W04NGOQ,717.7633333333334
ID_UQJV4MFOR1M5,397.79333333333335
ID_4RF26BVNXYCE,1611.25
ID_97BLKV6Q0HEL,2644.75
ID_UBBEFJS5I0QH,162.44
ID_1O85NFRVJWEG,622.42
ID_IMHZWDBK0ADL,253.0
ID_YP71ZG5HZP4L,625.05
ID_EQYXNVKPIZ8S,345.82
ID_IUMZ7HN2JIIN,537.96
ID_TEYADZ461KBT,798.2
ID_WBKUDZP701N9,559.88
ID_QREVEZ4H807A,151.0
ID_1FI6VLAJHF5I,1447.45
ID_AGYQKZWO32LL,622.12
ID_2AWB54BA84ZT,401.74
ID_HT3K0J78M9RG,618.26
ID_1Y0O3Y0QYTJS,557.5366666666666
ID_ZKH62QGNMI1V,80.0
ID_BJVKX6P2LOVK,703.73
ID_RJG2AH2AUIN8,242.93
ID_C1YRVYTDHBCI,320.37
ID_1TJKPVFP9B3X,281.45
ID_ENTHBKNB4R99,543.43
ID_TY66I8PV70BN,128.9333333333333
ID_6MMECMX3B728,1172.3
ID_GZ9YGWCLLMKN,433.31
ID_01YVA2LJVYBR,205.21
ID_YQRL2IOUU4SZ,361.9732142857142
ID_VAX2N8ELPEZE,359.0
